record_id,source_type,source_name,title,url,original_evidence,source_role,evidence_type,wishlist_behaviour,wishlist_intent,purchase_outcome,non_purchase_reason,postponement_reason,comparison_behaviour,information_need,trigger_or_context,hypothesis_link,confidence,notes
MW001,News/Industry,ETRetail,"20 mn items wish-listed by consumer ahead of Myntra sale","https://retail.economictimes.indiatimes.com/news/e-commerce/e-tailing/20-mn-items-wish-listed-by-consumer-ahead-of-myntra-sale/62217375","A total of 2.5 million people created wish-lists and 20 million items were wish-listed ahead of Myntra's End of Reason Sale. Shoppers were given a 24-hour window to create a wishlist based on prices revealed to them. Majority of wishlist users were in sports and women western segments.","Business/context","FACT","Users created wishlists before a sale","Sale-related consideration","UNKNOWN","NOT_STATED","Sale event","NOT_STATED","NOT_STATED","End of Reason Sale / promotional window","H3_sale_waiting","High","Shows wishlist activity at scale around a sale; does not prove why every user wishlisted."
MW002,News/Industry,India Today,"Myntra sale: Here's how to create a wishlist on Myntra?","https://www.indiatoday.in/information/story/myntra-sale-here-s-how-to-create-a-wishlist-on-myntra-1630285-2019-12-21","Creating a wish list allows early access slots to the upcoming End of Reason Sale. Users can save desired products and later select and move items to the cart at their convenience.","Secondary evidence","FACT","Users save products for later","Future purchase / consideration","UNKNOWN","NOT_STATED","Waiting to buy later","NOT_STATED","Product availability and desired product saved","Upcoming sale","H2_buy_later;H3_sale_waiting","High","Supports the function of saving for later but does not establish actual conversion."
MW003,Reddit,Reddit r/MyntraSucks,"Myntra doesn't want me to wishlist the products","https://www.reddit.com/r/MyntraSucks/comments/1pemstf/myntra_doesnt_want_me_to_wishlist_the_products","Myntra won't let me wishlist after a certain point of time. They be like go and buy some wish listed products first.","User-generated","USER_SIGNAL","User attempted to add more products to wishlist","Wishlist accumulation","UNKNOWN","Wishlist capacity/friction","NOT_STATED","NOT_STATED","NOT_STATED","Wishlist limit/friction","NOT_STATED","H10_wishlist_friction","High","Direct user-reported wishlist friction."
MW004,LinkedIn,LinkedIn,"UX Flaw in Myntra's Wishlist: How Many In-Stock Items Are You Missing?","https://www.linkedin.com/","The author reports seeing around 15-20 in-stock items followed by out-of-stock products; after scrolling further, more in-stock items appeared. The author argues that users may assume desired items are unavailable and leave without purchasing.","Secondary observation","USER_SIGNAL","User revisits wishlist and encounters availability presentation","Purchase consideration","NOT_STATED","Possible false perception of unavailability","NOT_STATED","NOT_STATED","Availability/stock information","Wishlist browsing","H9_availability_uncertainty","Medium","Single observational report; author proposes a solution, so retain only the observed behaviour as evidence."
MW005,Medium,Medium,"Improving Myntra's Wishlist feature in 48 hours","https://medium.com/@urjaa17/improving-myntras-wishlist-feature-in-48-hours-31ded225d831","3/5 people add items to wishlist instead of adding them directly to cart and then later buy the things from their wishlist.","Secondary user research","USER_RESEARCH","Users add items to wishlist before purchasing","Later purchase","PURCHASE_REPORTED","NOT_STATED","Later purchase","NOT_STATED","NOT_STATED","Wishlist used before cart","H2_buy_later","Medium","External case study with N=5; should not be treated as representative of Myntra users."
MW006,Medium,Medium,"Improving Myntra's Wishlist feature in 48 hours","https://medium.com/@urjaa17/improving-myntras-wishlist-feature-in-48-hours-31ded225d831","4/5 people found the out of stock cluttered.","Secondary user research","USER_RESEARCH","Users browse wishlist containing unavailable products","Purchase consideration","UNKNOWN","Out-of-stock clutter","NOT_STATED","NOT_STATED","Stock availability","Wishlist browsing","H9_availability_uncertainty","Medium","External N=5 study."
MW007,Medium,Medium,"Improving Myntra's Wishlist feature in 48 hours","https://medium.com/@urjaa17/improving-myntras-wishlist-feature-in-48-hours-31ded225d831","4/5 people did not acknowledge there was a filter tab on top; 1/5 said it was too much effort to find their category and preferred scrolling.","Secondary user research","USER_RESEARCH","Users browse a large wishlist","NOT_STATED","UNKNOWN","Navigation/filter friction","NOT_STATED","NOT_STATED","Wishlist organisation","Wishlist navigation","H10_wishlist_friction","Medium","Relevant to revisit/navigation, but purchase impact was not directly measured."
MW008,Medium,Medium,"Improving Myntra's Wishlist feature in 48 hours","https://medium.com/@urjaa17/improving-myntras-wishlist-feature-in-48-hours-31ded225d831","There are usually around 300â400 items in the wishlist which create a need for sorting/filtering.","Secondary user research","USER_RESEARCH","Users can accumulate many wishlist items","Bookmarking / accumulation","UNKNOWN","Wishlist clutter/navigation","NOT_STATED","NOT_STATED","Sorting/filtering","Large wishlist size","H10_wishlist_friction;H6_forgetting","Medium","This is an observation from an external case study, not Myntra-wide data."
MW009,YouTube,YouTube,"Shop my wishlist - Myntra Big Fashion Festival","https://www.youtube.com/watch?v=Re4mpDKUncA","The creator discusses products and whether they are worth buying at different price points, including comments about buying brands when discounts are available and not buying online when the discount is insufficient.","User-generated content","USER_SIGNAL","Creator maintains/reviews a wishlist for shopping","Price-sensitive consideration","NOT_STATED","Price/value concern","Waiting for acceptable discount","Product comparison across brands/products","Price, quality, fit","Sale/discount","H3_sale_waiting","Medium","Video transcript contains shopping evaluation; exact wishlist-to-purchase outcome is not consistently stated."
MW010,YouTube,YouTube,"Shop my wishlist","https://www.youtube.com/playlist?list=PLpiNBY6shpcxz-ZX6BEpWXVFmqMbDM-pZ","Playlist contains videos such as 'Shop My Wishlist' and 'Myntra WINTER WEAR Under Rs 999: Shop my WISHLIST'.","User-generated content","USER_SIGNAL","Creator uses wishlist as a curated shopping list","Shopping consideration","UNKNOWN","NOT_STATED","Price/seasonal consideration may be present but not established from title alone","Product comparison","Price","Seasonal sale/shopping event","H2_buy_later;H3_sale_waiting","Low","Title-level evidence only; requires transcript/content review before strong inference."
MW011,App Store,Apple App Store,"Myntra - Fashion Shopping App","https://apps.apple.com/us/app/myntra-fashion-shopping-app/id907394059","Wishlist collections: Save styles for later by adding to your wishlist straight from the app. Sharing made easy: Get style suggestions from your friends.","Product documentation","FACT","Users save styles for later","Future consideration","UNKNOWN","NOT_STATED","Buy later","Potential social validation","Style suggestions from friends","Shopping journey","H2_buy_later","High","Product capability evidence, not user motivation evidence."
MW012,India Today,India Today,"Myntra wishlist process","https://www.indiatoday.in/information/story/myntra-sale-here-s-how-to-create-a-wishlist-on-myntra-1630285-2019-12-21","Users browse products, choose style/fit/size, then select Wishlist. Items can later be moved to cart.","Product/process evidence","FACT","Users save after evaluating style/fit/size","Future consideration","UNKNOWN","NOT_STATED","Buy later","NOT_STATED","Style, fit, size","Wishlist creation","H2_buy_later","High","Describes product flow, not actual user motivation."
MW013,LinkedIn,LinkedIn,"Exploring Myntra's Wishlist: A Product Management Challenge","https://www.linkedin.com/","The post describes wishlist as a place to save items for later and mentions waiting for price drops, size availability, or revisiting choices over time.","Secondary opinion","INFERENCE","Users save items for later","Possible price/size/revisit intent","UNKNOWN","NOT_STATED","Waiting for price/size","NOT_STATED","Price, size availability","Revisit over time","H3_sale_waiting;H9_availability_uncertainty","Low","This is a PM author's interpretation, not direct user research. Keep separate from primary evidence."
MW014,LinkedIn,LinkedIn,"Exploring Myntra's Wishlist: A Product Management Challenge","https://www.linkedin.com/","The post mentions inventory clutter, push fatigue, wishlist revisit frequency and average time between wishlist addition and purchase as considerations.","Secondary opinion","SOLUTION_IDEA","Wishlist is treated as a re-engagement surface","NOT_STATED","UNKNOWN","Inventory clutter / notification fatigue proposed","NOT_STATED","NOT_STATED","Wishlist revisit","NOT_STATED","Not a user finding","Low","Do not use as evidence of user behaviour; retain as existing product hypothesis/solution context."
MW015,Instagram,Instagram,"My Myntra wishlist has been collecting dust since January","https://www.instagram.com/","The indexed result contains the phrase: 'My Myntra wishlist has been collecting dust since January!'","User-generated content","USER_SIGNAL","Items remain in wishlist for an extended period","Bookmarking / delayed consideration","NOT_STATED","Potential inactivity/forgetting","Long delay","NOT_STATED","NOT_STATED","Extended wishlist duration","H6_forgetting;H2_buy_later","Medium","Strong signal for prolonged wishlist inactivity, but purchase outcome is not established."
MW016,Facebook,Myntra Facebook,"Have you bought everything on your Wishlist?","https://www.facebook.com/myntra/posts/have-you-bought-everything-on-your-Wishlist-myntra-shopping/10161320832333221","Myntra asks users whether they have bought everything on their Wishlist.","Brand/social content","FACT","Wishlist is positioned as containing products not necessarily purchased yet","Purchase consideration","UNKNOWN","NOT_STATED","NOT_STATED","NOT_STATED","Wishlist-to-purchase question","NOT_STATED","Medium","Brand post establishes the concept but is not evidence of user behaviour."
MW017,Facebook,Myntra Facebook,"Over 1 lakh wishlists already fulfilled","https://www.facebook.com/","Myntra social content states that over 1 lakh wishlists had already been fulfilled during an End of Reason Sale.","Brand/social content","FACT","Wishlist items can be fulfilled through purchases","Purchase","PURCHASE_REPORTED","NOT_STATED","Sale conversion","NOT_STATED","NOT_STATED","End of Reason Sale","H3_sale_waiting","Medium","Brand-reported aggregate; denominator and methodology are not provided."
MW018,General e-commerce,Savetowishlist.com,"What Is A Wishlist? E-Commerce Wishlist Guide","https://savetowishlist.com/what-is-a-wishlist","The article describes wishlists as a place to save desired products for later, compare items, return to products and avoid forgetting items.","Secondary research","INFERENCE","Users save products for later and comparison","Future purchase / bookmarking","UNKNOWN","Possible forgetting","Buy later","Comparison","Product details","Later revisit","H2_buy_later;H6_forgetting","Low","Generic e-commerce evidence, not Myntra-specific."
MW019,General fashion,Best Colorful Socks,"Online Fashion Wishlist Usage Statistics","https://bestcolorfulsocks.com/blogs/news/online-fashion-wishlist-usage-statistics","The page claims 30.41% use wishlists to save products intended for later purchase, 16.77% use wishlists to monitor price drops, 9.64% use them for sharing, and 7.49% save out-of-stock products.","Secondary statistics","REPORTED_STATISTIC","Wishlist used for later purchase, price monitoring, sharing and out-of-stock products","Multiple intents","UNKNOWN","Price/stock/social factors","Waiting for price or availability","Sharing/comparison possible","Price, stock","Future purchase","H2_buy_later;H3_sale_waiting;H9_availability_uncertainty","Low","Source methodology is unclear; do not use as a Myntra statistic."
MW020,Reddit,Reddit,"Myntra wishlist discussion","https://www.reddit.com/","Public Reddit search results include a user discussion about Myntra wishlist limits and adding products.","User-generated content","USER_SIGNAL","User attempts to save products","Wishlist accumulation","UNKNOWN","Wishlist limit","NOT_STATED","NOT_STATED","Wishlist capacity","NOT_STATED","H10_wishlist_friction","Medium","Use only the underlying Reddit statement, not AI-generated search summary."
